Mirjana Kika Milosevic,UCo6nfQNhyy84r7S8DJeJR1g
芒果TV青春剧场 MGTV Drama Channel,UCTulSfEm1c14WWRbSN-CNAQ
Good Morning America,UCH1oRy1dINbMVp3UFWrKP0w
OSSA Movies,UCWzNNJTydHkd_nrJ4BFVWfQ
OSSA,UCQfKpN66UN8d5Z15gFV9PGQ
Bloomberg Politics,UCV61VqLMr2eIhH4f51PV0gA
Bloomberg Technology,UCrM7B7SL_g1edFOnmj-SDKg
Bloomberg Markets and Finance,UCIALMKvObZNtJ6AmdCLP7Lg
Bloomberg QuickTake: Now,UChirEOpgFCupRAk5etXqPaA
PrimeTime VC,UCbBPkZKkJDO86oLXgIQhhHQ
LoL Esports VODs and Highlights,UCzAypSoOFKCZUts3ULtVT_g
LPL English,UCaFMdq6QrAAEx5k2cLlZNPA
"ProGuides Valorant Tips, Tricks and Guides",UCx0qCryognOczd5HN6ElI-w
"ProGuides CSGO Tips, Tricks and Guides",UC5zrM68ebPkljMeeZhIWHFQ
"ProGuides Fortnite Tips, Tricks and Guides",UCloMPNyglIUyLRCp5JAxJvw
"ProGuides Dota 2 Tips, Tricks and Guides",UCzvDSoNrl2Uva7t_Z936VUw
Çocukluk,UCKfqJa9KvfORqzrGegGQhhA
Medyapım,UC7lIfDoyZz_fTELszNEekcg
Mucize Doktor,UCWFSXbEYo0PmWWokRjHdSSQ
Yasak Elma,UC5TccbGxEeVMx9gL6wp9fOg
Öğretmen,UCT3f7yz0SJ6tbSvjy0xlgmw
Sen Çal Kapımı,UC_o475bQjzx17732_6P5vdA
Baraj,UCHoV1qw7oG_gaHBGskq74rw
The Late Show with Stephen Colbert,UCMtFAi84ehTSYSE9XoHefig
Tomoe Too Moe,UCg2d4F3eRg25QBw4IPy-58Q
Nintendo Mobile,UCs1pApqJNPZBcPcDjEWn6MA
The Kelly Clarkson Show,UCmSQ47G2NHhcjRAm9Px6R3g
Peacock,UCPgMAS8woHJ_o_OZdTR7kcQ
100M,UCLBZ747LLyrbuyxn9U7moxg
LankyBox World,UC-UXd3xaj1I_yTvufcMdDAA
Nihongo Mantappu,UC1Gmqqs_Myzl2KHIeqfUC9A
荣耀小客栈,UCaVX7O7cDK95R8PRZWDxUfQ
【指法芬芳张大仙】官方频道,UCw7I0Wk1UccKpbjvsS6pE8g
【剑仙Dxg】官方频道,UCpFBMk_CPT7DrecFg0x3aZw
The Young Turks,UC1yBKRuGpC1tSM73A0ZjYjQ
CNN,UCupvZG-5ko_eiXAupbDfxWw
The Majority Report w/ Sam Seder,UC-3jIAlnQmbbVMV6gR7K8aQ
Associated Press,UC52X5wxOL_s5yw0dQk7NtgA
Thom Hartmann Program,UCbjBOso0vpWgDht9dPIVwhQ
CBC News,UCuFFtHWoLl5fauMMD5Ww2jA
The Guardian,UCHpw8xwDNhU9gdohEcJu4aA
WWE,UCJ5v_MCY6GNUBTO8-D3XoAg
World Rugby,UCE28rwYoaV7jvU6GVzdu_GQ
THESNEAKERADDICT,UCbh8eWQ83qZxKkfUbyKEIDA
THE HANNIBAL TV,UCcpWZrbYzye7-FY4i1ALfVw
Team Coco,UCi7GJNg51C3jgmYTUwqoUXA
Sony Pictures Entertainment,UCz97F7dMxBNOfGYu3rx8aCw
Movieclips Trailers,UCi8e0iOVk1fEOogdfu4YgfA
Movieclips,UC3gNmTGu-TTbFPpfSs5kNkg
Eyewitness News ABC7NY,UCrlIS7z20CnVaCrMvdkig_g
KOLR10 News,UCimPtKZTASRv_OE8ylY1bMg
ILTV Israel News,UCuxgEyMeaks7HS5gAw6Tt7w
eXtra news,UCGyS7uRX_tmdfAgf-4tsUlg
12 News,UCu7G08TrwPx_0WH4M7OxjIQ
ABC7 News Bay Area,UCYUbNjkuE4lsr2v1Id2O1oA
KCTV5 News,UCie7RmdcnvXA1FXHRJa7WtA
Video Game News,UCitsvZeConV2Im24BVFH8hg
news.com.au,UCtWWry0cgjWi9C0Ye9sh6og
ANI News,UCtFQDgA8J8_iiwc5-KoAQlg
Record News,UCuiLR4p6wQ3xLEm15pEn1Xw
CKJ Crypto News,UCmexsZ6pFvmXa9hOnnyRz5A
FOX59 News,UCktceZtn0Kxd53qjjM2KzqA
T News Live Telugu,UCu6edg8_eu3-A8ylgaWereA
KSDK News,UCVHTypjbrXH-maZaIkwweJA
Prime9 News,UCLTZ5y21NnklrxpU5AfWd8w
Public News,UCElJZvY_RVra6qjD8WSQYog
ANI News Official,UCoRpKmC6a-DdEa1ohxlCgUA
TVC News Nigeria,UCgp4A6I8LCWrhUzn-5SbKvA
